"","TestId","AddId","concentration","reliability","used.model","log.x","log.y","nboot.gc","mu.model","lambda.model","A.model","integral.model","stdmu.model","stdlambda.model","stdA.model","ci90.mu.model.lo","ci90.mu.model.up","ci90.lambda.model.lo","ci90.lambda.model.up","ci90.A.model.lo","ci90.A.model.up","ci95.mu.model.lo","ci95.mu.model.up","ci95.lambda.model.lo","ci95.lambda.model.up","ci95.A.model.lo","ci95.A.model.up","mu.spline","lambda.spline","A.spline","integral.spline","mu.bt","lambda.bt","A.bt","integral.bt","stdmu.bt","stdlambda.bt","stdA.bt","stdintegral.bt","ci90.mu.bt.lo","ci90.mu.bt.up","ci90.lambda.bt.lo","ci90.lambda.bt.up","ci90.A.bt.lo","ci90.A.bt.up","ci90.integral.bt.lo","ci90.integral.bt.up","ci95.mu.bt.lo","ci95.mu.bt.up","ci95.lambda.bt.lo","ci95.lambda.bt.up","ci95.A.bt.lo","ci95.A.bt.up","ci95.integral.bt.lo","ci95.integral.bt.up"
"1","A2706","V",0,TRUE,"gompertz.exp",FALSE,FALSE,0,NA,NA,NA,NA,NA,NA,NA,NA,NA,NA,NA,NA,NA,NA,NA,NA,NA,NA,NA,4.1535632041929e-05,7416.40408373835,0.62896884587933,130777.844861417,NA,NA,NA,NA,NA,NA,NA,NA,NA,NA,NA,NA,NA,NA,NA,NA,NA,NA,NA,NA,NA,NA,NA,NA
"2","A2706","V",10,TRUE,"logistic",FALSE,FALSE,0,2.15613461948233e-05,12607.6417228926,0.38427992843061,92154.7890096655,5.31223266061562e-07,251.791707693376,0.000615735723448763,2.06874839221521e-05,2.24352084674946e-05,12193.444363737,13021.8390820482,0.383267043165537,0.385292813695683,2.05201485933427e-05,2.2602543796304e-05,12114.1299758136,13101.1534699716,0.38307308641265,0.38548677044857,2.77423986507891e-05,14670.9340667192,0.394806196831118,92149.4374383072,NA,NA,NA,NA,NA,NA,NA,NA,NA,NA,NA,NA,NA,NA,NA,NA,NA,NA,NA,NA,NA,NA,NA,NA
"3","A2706","V",25,TRUE,"logistic",FALSE,FALSE,0,1.28184166079494e-05,18212.437290855,0.182271282686451,43023.5074544118,2.54195188124045e-06,1617.92632785757,0.00210723202271433,8.63690576330888e-06,1.699992745259e-05,15550.9484815293,20873.9261001807,0.178804886009086,0.185737679363816,7.83619092071813e-06,1.78006422951807e-05,15041.3016882542,21383.5728934558,0.178141107921931,0.186401457450971,1.91682436219651e-05,23828.1209413698,0.24516989826021,43354.3161333947,NA,NA,NA,NA,NA,NA,NA,NA,NA,NA,NA,NA,NA,NA,NA,NA,NA,NA,NA,NA,NA,NA,NA,NA
"4","A2706","V",50,TRUE,"gompertz",FALSE,FALSE,0,1.51895366259788e-06,8783.3310420715,0.29085062408319,42423.0274681187,2.89277017171596e-08,1582.56648217782,0.00366695557436455,1.47136759327315e-06,1.5665397319226e-06,6180.00917888899,11386.652905254,0.284818482163361,0.29688276600302,1.46225536723224e-06,1.57565195796351e-06,5681.50073700297,11885.16134714,0.283663391157436,0.298037857008945,4.23309223363461e-06,33042.0635506584,0.264674326874026,42236.4908835658,NA,NA,NA,NA,NA,NA,NA,NA,NA,NA,NA,NA,NA,NA,NA,NA,NA,NA,NA,NA,NA,NA,NA,NA
"5","A2706","V",100,TRUE,"gompertz",FALSE,FALSE,0,4.34028361620428e-06,118910.581525073,0.3328560289361,32768.9119399197,5.27241481046997e-08,448.168594060267,0.00146150024907987,4.25355239257205e-06,4.42701483983651e-06,118173.344187844,119647.818862302,0.330451861026364,0.335260196845837,4.23694428591907e-06,4.44362294648949e-06,118032.171080715,119788.991969431,0.329991488447904,0.335720569424297,7.17745544781869e-06,130316.768720834,0.327982104100045,33484.137439975,NA,NA,NA,NA,NA,NA,NA,NA,NA,NA,NA,NA,NA,NA,NA,NA,NA,NA,NA,NA,NA,NA,NA,NA
"6","A2706","V",200,TRUE,"gompertz.exp",FALSE,FALSE,0,NA,NA,NA,NA,NA,NA,NA,NA,NA,NA,NA,NA,NA,NA,NA,NA,NA,NA,NA,5.64526622687702e-08,117682.31419845,0.00809267734362915,933.656360098702,NA,NA,NA,NA,NA,NA,NA,NA,NA,NA,NA,NA,NA,NA,NA,NA,NA,NA,NA,NA,NA,NA,NA,NA
"7","I2713","V",0,TRUE,"gompertz",FALSE,FALSE,0,7.89439090581743e-06,-5221.27608894519,0.405061790150415,95581.5454962727,3.79624571773652e-07,1386.77484683639,0.00220328838808526,7.26990848524977e-06,8.51887332638509e-06,-7502.52071199105,-2940.03146589934,0.401437380752015,0.408686199548816,7.15032674514107e-06,8.63845506649379e-06,-7939.35478874451,-2503.19738914588,0.400743344909768,0.409380235391062,1.96917127299017e-05,6254.75008709779,0.457580736553068,95417.1796968688,NA,NA,NA,NA,NA,NA,NA,NA,NA,NA,NA,NA,NA,NA,NA,NA,NA,NA,NA,NA,NA,NA,NA,NA
"8","I2713","V",10,TRUE,"gompertz",FALSE,FALSE,0,1.27513307691014e-05,12369.4111690896,0.363439462074539,84484.7008219022,4.45894999652198e-07,544.813323884989,0.00115025019640015,1.20178334946735e-05,1.34848280435292e-05,11473.1932512988,13265.6290868804,0.36154730050146,0.365331623647617,1.1877376569783e-05,1.36252849684197e-05,11301.577054275,13437.2452839042,0.361184971689594,0.365693952459483,2.33840587153023e-05,17559.4115708929,0.38955933827869,84439.3813566188,NA,NA,NA,NA,NA,NA,NA,NA,NA,NA,NA,NA,NA,NA,NA,NA,NA,NA,NA,NA,NA,NA,NA,NA
"9","I2713","V",25,TRUE,"gompertz",FALSE,FALSE,0,1.04135712607015e-05,46890.729068636,0.331691492601494,65009.5788225836,2.4287208846818e-07,404.280598929232,0.000823315137768671,1.00140466751713e-05,1.08130958462316e-05,46225.6874833974,47555.7706538745,0.330337139199865,0.333045846003124,9.93754196730383e-06,1.08896005540991e-05,46098.3390947347,47683.1190425372,0.330077794931468,0.333305190271521,2.12250950213319e-05,53235.197525812,0.340489066692697,65208.4315555936,NA,NA,NA,NA,NA,NA,NA,NA,NA,NA,NA,NA,NA,NA,NA,NA,NA,NA,NA,NA,NA,NA,NA,NA
"10","I2713","V",50,TRUE,"gompertz",FALSE,FALSE,0,7.46915279297261e-06,93967.8172680796,0.301648001460973,43426.99719399,1.38401673243286e-07,400.819032599119,0.00083697638473636,7.2414820404874e-06,7.69682354545781e-06,93308.4699594541,94627.1645767052,0.300271175308082,0.303024827613864,7.19788551341576e-06,7.74042007252945e-06,93182.2119641853,94753.4225719739,0.30000752774689,0.303288475175056,1.67163396423103e-05,101810.631566436,0.311300538275084,43669.8609813957,NA,NA,NA,NA,NA,NA,NA,NA,NA,NA,NA,NA,NA,NA,NA,NA,NA,NA,NA,NA,NA,NA,NA,NA
"11","I2713","V",100,TRUE,"gompertz",FALSE,FALSE,0,4.05005389923927e-06,60521.8811341751,0.330796338129152,50795.4644728728,7.18372427964151e-08,738.276580553513,0.00144549630629152,3.93188163483917e-06,4.16822616363937e-06,59307.4161591646,61736.3461091856,0.328418496705302,0.333174179553001,3.9092529033583e-06,4.19085489512024e-06,59074.8590362902,61968.90323206,0.32796316536882,0.333629510889483,8.39179201529834e-06,75639.9297329704,0.346491851209815,51003.7150557794,NA,NA,NA,NA,NA,NA,NA,NA,NA,NA,NA,NA,NA,NA,NA,NA,NA,NA,NA,NA,NA,NA,NA,NA
"12","I2713","V",200,TRUE,"gompertz.exp",FALSE,FALSE,0,NA,NA,NA,NA,NA,NA,NA,NA,NA,NA,NA,NA,NA,NA,NA,NA,NA,NA,NA,1.63911594217978e-08,-431390.952605196,0.0136280334750665,2930.78213121377,NA,NA,NA,NA,NA,NA,NA,NA,NA,NA,NA,NA,NA,NA,NA,NA,NA,NA,NA,NA,NA,NA,NA,NA
"13","A2706","V",0,TRUE,"gompertz.exp",FALSE,FALSE,0,NA,NA,NA,NA,NA,NA,NA,NA,NA,NA,NA,NA,NA,NA,NA,NA,NA,NA,NA,3.31111386441543e-05,6305.64123258989,0.62931658926657,130319.439467947,NA,NA,NA,NA,NA,NA,NA,NA,NA,NA,NA,NA,NA,NA,NA,NA,NA,NA,NA,NA,NA,NA,NA,NA
"14","A2706","V",10,TRUE,"logistic",FALSE,FALSE,0,2.50092002448202e-05,13020.9563986802,0.39624741922178,95259.0852402627,5.13846920326278e-07,186.735213388318,0.000497273529137234,2.41639220608835e-05,2.5854478428757e-05,12713.7769726564,13328.135824704,0.395429404266349,0.39706543417721,2.40020602809807e-05,2.60163402086597e-05,12654.9553804391,13386.9574169213,0.395272763104671,0.397222075338889,2.98493022443287e-05,14627.8964348988,0.405200135131468,95304.4898752539,NA,NA,NA,NA,NA,NA,NA,NA,NA,NA,NA,NA,NA,NA,NA,NA,NA,NA,NA,NA,NA,NA,NA,NA
"15","A2706","V",25,TRUE,"richards",FALSE,FALSE,0,1.20305694933689e-05,19680.0302980496,0.164113481136079,39012.5602939366,1.94507174500069e-06,1762.67173792138,0.000752891818414814,8.83092647284274e-06,1.5230212513895e-05,16780.4352891689,22579.6253069303,0.162874974094786,0.165351988177371,8.21822887316752e-06,1.58429101135702e-05,16225.1936917237,23134.8669043755,0.162637813171986,0.165589149100172,1.13867957197454e-05,19085.1491557599,0.181964208875377,39019.505442838,NA,NA,NA,NA,NA,NA,NA,NA,NA,NA,NA,NA,NA,NA,NA,NA,NA,NA,NA,NA,NA,NA,NA,NA
"16","A2706","V",50,TRUE,"richards",FALSE,FALSE,0,3.98456050743712e-06,29061.5097109556,0.11041404836753,24508.5787070868,3.01433323067468e-07,1557.09764151888,0.000487453659688866,3.48870269099114e-06,4.48041832388311e-06,26500.0840906571,31622.9353312542,0.109612187097342,0.111215909637718,3.39375119422489e-06,4.57536982064936e-06,26009.5983335786,32113.4210883326,0.10945863919454,0.11136945754052,4.96574533205559e-06,34444.645623942,0.140809187112318,24487.9476742696,NA,NA,NA,NA,NA,NA,NA,NA,NA,NA,NA,NA,NA,NA,NA,NA,NA,NA,NA,NA,NA,NA,NA,NA
"17","A2706","V",100,TRUE,"richards",FALSE,FALSE,0,7.70856324518289e-07,83059.3226403593,0.0671813657484079,10409.1592739113,2.78510923594648e-08,2658.43768733506,0.000213373596373056,7.25041277586969e-07,8.16671371449608e-07,78686.1926446931,87432.4526360255,0.0668303661823743,0.0675323653144416,7.16268183493738e-07,8.2544446554284e-07,77848.7847731826,88269.860507536,0.0667631534995168,0.0675995779972991,1.6206279873046e-06,-3324.37932310601,0.0702475452063985,10444.4741673391,NA,NA,NA,NA,NA,NA,NA,NA,NA,NA,NA,NA,NA,NA,NA,NA,NA,NA,NA,NA,NA,NA,NA,NA
"18","A2706","V",200,TRUE,"gompertz.exp",FALSE,FALSE,0,NA,NA,NA,NA,NA,NA,NA,NA,NA,NA,NA,NA,NA,NA,NA,NA,NA,NA,NA,7.19936416758919e-06,232889.258193983,0.162108644662661,3592.44776670531,NA,NA,NA,NA,NA,NA,NA,NA,NA,NA,NA,NA,NA,NA,NA,NA,NA,NA,NA,NA,NA,NA,NA,NA
"19","I2748","V",0,TRUE,"gompertz.exp",FALSE,FALSE,0,NA,NA,NA,NA,NA,NA,NA,NA,NA,NA,NA,NA,NA,NA,NA,NA,NA,NA,NA,3.35950502244519e-05,16231.8689820264,0.28353994215721,9698.58495994963,NA,NA,NA,NA,NA,NA,NA,NA,NA,NA,NA,NA,NA,NA,NA,NA,NA,NA,NA,NA,NA,NA,NA,NA
"20","I2748","V",10,TRUE,"logistic",FALSE,FALSE,0,2.99107780065117e-05,17589.8995021842,0.223396521148125,53624.4756526035,2.016158368891e-05,2891.73752230766,0.0062317785129963,-3.25502716174521e-06,6.30765831747687e-05,12832.9912779881,22346.8077263803,0.213145245494246,0.233647796802004,-9.60592602375185e-06,6.94274820367753e-05,11922.0939584612,23257.7050459072,0.211182235262653,0.235610807033598,4.65554439300052e-05,30474.5570637055,0.520411949855539,53888.5717269261,NA,NA,NA,NA,NA,NA,NA,NA,NA,NA,NA,NA,NA,NA,NA,NA,NA,NA,NA,NA,NA,NA,NA,NA
"21","I2748","V",25,TRUE,"richards",FALSE,FALSE,0,1.15989601784537e-05,57314.8046461195,0.759099458657842,145926.220482281,1.00835082148925e-05,54608.9278820442,0.0104809112758886,-4.98841083504451e-06,2.81863311919519e-05,-32516.8817198432,147146.491012082,0.741858359609005,0.776340557706679,-8.16471592273566e-06,3.13626362796431e-05,-49718.6940026871,164348.303294926,0.7385568725571,0.779642044758584,0.000111207357551611,81008.4763928063,0.778370329649201,145577.537135465,NA,NA,NA,NA,NA,NA,NA,NA,NA,NA,NA,NA,NA,NA,NA,NA,NA,NA,NA,NA,NA,NA,NA,NA
"22","I2748","V",50,TRUE,"gompertz",FALSE,FALSE,0,1.92496405507724e-05,31061.8229634441,0.143792666356608,32492.8216072056,3.71713565084658e-05,7952.91542645056,0.0124749367677866,-4.18972409056539e-05,8.03965220071986e-05,17979.2770869329,44144.3688399552,0.123271395373599,0.164313937339617,-5.36062182058206e-05,9.21054993073654e-05,15474.108727601,46649.5371992872,0.119341790291746,0.168243542421469,0.000174357491245908,81781.2343529978,0.740562755629909,32860.7728551483,NA,NA,NA,NA,NA,NA,NA,NA,NA,NA,NA,NA,NA,NA,NA,NA,NA,NA,NA,NA,NA,NA,NA,NA
"23","I2748","V",100,TRUE,"gompertz",FALSE,FALSE,0,5.85327992181707e-05,52253.5868866615,0.208912332267213,43253.512282372,0.000101229868161967,3407.61783605684,0.0116344803573154,-0.000107990333908265,0.000225055932344606,46648.055546348,57859.118226975,0.189773612079429,0.228051052454996,-0.000139877742379284,0.000256943340815626,45574.6559279901,58932.517845333,0.186108750766874,0.231715913767551,0.000117540556460578,100572.295053261,0.763895984003232,43803.7903099149,NA,NA,NA,NA,NA,NA,NA,NA,NA,NA,NA,NA,NA,NA,NA,NA,NA,NA,NA,NA,NA,NA,NA,NA
"24","I2748","V",200,TRUE,"gompertz.exp",FALSE,FALSE,0,NA,NA,NA,NA,NA,NA,NA,NA,NA,NA,NA,NA,NA,NA,NA,NA,NA,NA,NA,4.8575742653266e-05,213924.163191901,0.560877647424426,19897.4302723172,NA,NA,NA,NA,NA,NA,NA,NA,NA,NA,NA,NA,NA,NA,NA,NA,NA,NA,NA,NA,NA,NA,NA,NA
"25","A2706","V",0,TRUE,"gompertz.exp",FALSE,FALSE,0,NA,NA,NA,NA,NA,NA,NA,NA,NA,NA,NA,NA,NA,NA,NA,NA,NA,NA,NA,3.47422454099445e-05,6457.01658077854,0.613919726074291,129482.211192383,NA,NA,NA,NA,NA,NA,NA,NA,NA,NA,NA,NA,NA,NA,NA,NA,NA,NA,NA,NA,NA,NA,NA,NA
"26","A2706","V",10,TRUE,"logistic",FALSE,FALSE,0,2.3324251213002e-05,13136.6287559587,0.387367077323957,92930.0463313372,4.77596188383178e-07,195.0450567854,0.000497148385755313,2.25386054831117e-05,2.41098969428923e-05,12815.7796375467,13457.4778743707,0.38654926822939,0.388184886418525,2.2388162683771e-05,2.4260339742233e-05,12754.3404446593,13518.9170672581,0.386392666487877,0.388341488160038,2.7322511173251e-05,14517.7450057156,0.396775739748776,92958.8885593668,NA,NA,NA,NA,NA,NA,NA,NA,NA,NA,NA,NA,NA,NA,NA,NA,NA,NA,NA,NA,NA,NA,NA,NA
"27","A2706","V",25,TRUE,"logistic",FALSE,FALSE,0,1.1467073923998e-05,18321.0923796294,0.167818516834604,39558.9004656655,1.42552415539228e-06,1043.80938864148,0.00123568293249721,9.12208668837766e-06,1.38120611596183e-05,16604.0259353142,20038.1588239447,0.165785818410646,0.169851215258562,8.6730465794291e-06,1.42611012685668e-05,16275.2259778921,20366.9587813667,0.165396578286909,0.170240455382298,1.38998102334687e-05,21642.8206727149,0.202511761917455,39749.3016240687,NA,NA,NA,NA,NA,NA,NA,NA,NA,NA,NA,NA,NA,NA,NA,NA,NA,NA,NA,NA,NA,NA,NA,NA
"28","A2706","V",50,TRUE,"richards",FALSE,FALSE,0,3.92847992667674e-06,29284.8291234773,0.104910645001585,23342.8957341571,9.8495495871493e-08,504.353992808629,0.000142625841402401,3.76645483596814e-06,4.09050501738535e-06,28455.1668053071,30114.4914416475,0.104676025492478,0.105145264510692,3.73542875476862e-06,4.12153109858487e-06,28296.2952975724,30273.3629493822,0.104631098352436,0.105190191650733,3.27532664752559e-06,25848.8890925163,0.11000066625066,23333.0917666435,NA,NA,NA,NA,NA,NA,NA,NA,NA,NA,NA,NA,NA,NA,NA,NA,NA,NA,NA,NA,NA,NA,NA,NA
"29","A2706","V",100,TRUE,"gompertz",FALSE,FALSE,0,1.93359528840714e-06,108385.848697745,0.574100299279099,24820.9447144485,3.30665721042847e-08,1972.39931130174,0.0331268534541606,1.87920077729559e-06,1.98798979951869e-06,105141.251830654,111630.445564836,0.519606625347005,0.628593973211193,1.86878480708274e-06,1.99840576973154e-06,104519.946047594,112251.751347897,0.509171666508944,0.639028932049254,3.44693086747847e-06,108717.894156579,0.296347283602013,24692.1969139952,NA,NA,NA,NA,NA,NA,NA,NA,NA,NA,NA,NA,NA,NA,NA,NA,NA,NA,NA,NA,NA,NA,NA,NA
"30","A2706","V",200,TRUE,"richards",FALSE,FALSE,0,6.07348266412499e-06,210399.187050337,0.174677443743309,6883.60042183293,1.4901868192677e-07,490.749639904685,0.00104871037276629,5.82834693235546e-06,6.31861839589453e-06,209591.903892694,211206.47020798,0.172952315180108,0.17640257230651,5.78140604754852e-06,6.36555928070146e-06,209437.317756124,211361.05634455,0.172621971412687,0.176732916073931,7.21695548072381e-06,212502.935865139,0.186200338654383,7574.32431851863,NA,NA,NA,NA,NA,NA,NA,NA,NA,NA,NA,NA,NA,NA,NA,NA,NA,NA,NA,NA,NA,NA,NA,NA
"31","I2748","V",0,TRUE,"gompertz.exp",FALSE,FALSE,0,NA,NA,NA,NA,NA,NA,NA,NA,NA,NA,NA,NA,NA,NA,NA,NA,NA,NA,NA,2.62575044645114e-05,14609.14878264,0.274083485982685,10797.9549334225,NA,NA,NA,NA,NA,NA,NA,NA,NA,NA,NA,NA,NA,NA,NA,NA,NA,NA,NA,NA,NA,NA,NA,NA
"32","I2748","V",10,TRUE,"logistic",FALSE,FALSE,0,1.88824222124018e-05,14782.4412434071,0.137858670902815,33490.4230406574,1.64090619924479e-05,3644.21715187679,0.00487034166983247,-8.11048476517496e-06,4.58753291899787e-05,8787.70402856975,20777.1784582444,0.129846958855941,0.14587038294969,-1.3279339292796e-05,5.10441837175997e-05,7639.77562572856,21925.1068610856,0.128312801229943,0.147404540575687,3.42595553441971e-05,19839.8652104404,0.307626564404482,33655.7628025502,NA,NA,NA,NA,NA,NA,NA,NA,NA,NA,NA,NA,NA,NA,NA,NA,NA,NA,NA,NA,NA,NA,NA,NA
"33","I2748","V",25,TRUE,"gompertz",FALSE,FALSE,0,6.72504032928301e-06,12911.0639780045,0.507402538476192,103822.789094081,4.27036867267185e-07,2528.59039894902,0.00584080353690939,6.02256468262849e-06,7.42751597593753e-06,8751.53277173337,17070.5951842757,0.497794416657976,0.517010660294408,5.88804806943932e-06,7.56203258912669e-06,7955.02679606443,17867.1011599446,0.495954563543849,0.518850513408534,3.51189220850544e-05,55783.0619297604,0.596004210276895,103651.056235028,NA,NA,NA,NA,NA,NA,NA,NA,NA,NA,NA,NA,NA,NA,NA,NA,NA,NA,NA,NA,NA,NA,NA,NA
"34","I2748","V",50,TRUE,"logistic",FALSE,FALSE,0,6.46442560418847e-05,34084.7522814768,0.228929399226748,51625.9920943241,0.000145132786983578,4568.57186506395,0.0150115467011019,-0.000174099178546101,0.00030338769062987,26569.4515634466,41600.052999507,0.204235404903435,0.25362339355006,-0.000219816006445928,0.000349104518529697,25130.3514259514,43039.1531370021,0.199506767692588,0.258352030760908,5.07113280202367e-05,33790.3811035443,0.689797755222448,52082.3552896907,NA,NA,NA,NA,NA,NA,NA,NA,NA,NA,NA,NA,NA,NA,NA,NA,NA,NA,NA,NA,NA,NA,NA,NA
"35","I2748","V",100,TRUE,"logistic",FALSE,FALSE,0,1.96946077710206e-05,62477.4745722874,0.410078729827002,77290.6166539022,8.76932117763267e-06,5309.27585346542,0.0147347067908609,5.26907443381483e-06,3.41201411082263e-05,53743.7157933368,71211.2333512381,0.385840137156036,0.434317322497968,2.50673826286054e-06,3.68824772791806e-05,52071.2938994952,72883.6552450797,0.381198704516914,0.438958755137089,0.000160336373511476,154506.091130112,0.77930955047012,78160.7991830077,NA,NA,NA,NA,NA,NA,NA,NA,NA,NA,NA,NA,NA,NA,NA,NA,NA,NA,NA,NA,NA,NA,NA,NA
"36","I2748","V",200,TRUE,"gompertz",FALSE,FALSE,0,1.67372683693948e-06,128997.964891807,0.615683554087079,17606.9754951079,9.39924648431468e-07,62176.5855177328,0.799061698154857,1.27550790269711e-07,3.21990288360924e-06,26717.4817151371,231278.448068478,-0.698772939377661,1.93014004755182,-1.68525473986202e-07,3.51597914786515e-06,7131.85727705124,250864.072506564,-0.95047737429644,2.1818444824706,5.22220908401325e-06,191300.579121368,0.216888770104657,17300.9551124752,NA,NA,NA,NA,NA,NA,NA,NA,NA,NA,NA,NA,NA,NA,NA,NA,NA,NA,NA,NA,NA,NA,NA,NA
"37","I2711","V",0,TRUE,"logistic",FALSE,FALSE,0,5.1145760395062e-06,-33947.9372947299,0.551575301451471,127350.852583703,3.00873269734117e-07,4013.22592726202,0.00404988745815875,4.61963951079358e-06,5.60951256821883e-06,-40549.6939450759,-27346.1806443839,0.5449132365828,0.558237366320143,4.52486443082733e-06,5.70428764818507e-06,-41813.8601121635,-26082.0144772964,0.54363752203348,0.559513080869463,3.36663771558351e-05,6128.43169969655,0.60741029137379,127121.308919051,NA,NA,NA,NA,NA,NA,NA,NA,NA,NA,NA,NA,NA,NA,NA,NA,NA,NA,NA,NA,NA,NA,NA,NA
"38","I2711","V",10,TRUE,"richards",FALSE,FALSE,0,2.36061835825256e-05,14516.5233061428,0.354450597509609,85072.8437065452,8.22247520532203e-07,353.957477806908,0.000651309680325184,2.22535864112501e-05,2.4958780753801e-05,13934.2632551504,15098.7833571352,0.353379193085474,0.355522001933744,2.19945784422825e-05,2.52177887227687e-05,13822.7666496413,15210.2799626443,0.353174030536172,0.355727164483047,2.68887712831807e-05,15573.2687938306,0.364621029081813,85107.7819596023,NA,NA,NA,NA,NA,NA,NA,NA,NA,NA,NA,NA,NA,NA,NA,NA,NA,NA,NA,NA,NA,NA,NA,NA
"39","I2711","V",25,TRUE,"logistic",FALSE,FALSE,0,1.01999533385371e-05,19931.6595693179,0.157510755667257,36811.8095852782,2.03775440356125e-06,1769.75641894495,0.00192612379894395,6.84784734467881e-06,1.35520593323953e-05,17020.4102601535,22842.9088784824,0.154342282017994,0.16067922931652,6.20595470755702e-06,1.41939519695171e-05,16462.9369881858,23400.38215045,0.153735553021327,0.161285958313187,1.34216897793284e-05,24151.9153035928,0.191633498362853,37054.324428746,NA,NA,NA,NA,NA,NA,NA,NA,NA,NA,NA,NA,NA,NA,NA,NA,NA,NA,NA,NA,NA,NA,NA,NA
"40","I2711","V",50,TRUE,"gompertz.exp",FALSE,FALSE,0,NA,NA,NA,NA,NA,NA,NA,NA,NA,NA,NA,NA,NA,NA,NA,NA,NA,NA,NA,6.71139122297253e-06,192001.728170499,0.363563198579968,33867.1486876275,NA,NA,NA,NA,NA,NA,NA,NA,NA,NA,NA,NA,NA,NA,NA,NA,NA,NA,NA,NA,NA,NA,NA,NA
"41","I2711","V",100,TRUE,"gompertz",FALSE,FALSE,0,7.6528922193099e-06,120819.343315135,0.370288209718283,41653.8068602664,1.02801729596802e-07,338.739427305376,0.00101994466328997,7.48378337412316e-06,7.82200106449664e-06,120262.116957218,121376.569673052,0.36861040074717,0.371966018689395,7.45140082930017e-06,7.85438360931963e-06,120155.414037616,121483.272592654,0.368289118178234,0.372287301258331,1.23754450262322e-05,127817.155134699,0.387876226334347,42179.3362789545,NA,NA,NA,NA,NA,NA,NA,NA,NA,NA,NA,NA,NA,NA,NA,NA,NA,NA,NA,NA,NA,NA,NA,NA
"42","I2711","V",200,TRUE,"logistic",FALSE,FALSE,0,6.46518171269345e-06,205772.162977483,0.21168302894436,8317.11793737778,1.13892333328136e-07,311.104113648031,0.00131784083442295,6.27782882436867e-06,6.65253460101824e-06,205260.396710532,206283.929244434,0.209515180771735,0.213850877116986,6.24195273937031e-06,6.6884106860166e-06,205162.398914732,206381.927040233,0.209100060908891,0.214265996979829,8.04239933082426e-06,209312.252332549,0.219670911950413,9199.27858176707,NA,NA,NA,NA,NA,NA,NA,NA,NA,NA,NA,NA,NA,NA,NA,NA,NA,NA,NA,NA,NA,NA,NA,NA
"43","I2748","V",0,TRUE,"gompertz.exp",FALSE,FALSE,0,NA,NA,NA,NA,NA,NA,NA,NA,NA,NA,NA,NA,NA,NA,NA,NA,NA,NA,NA,2.77336226216385e-05,14554.4878798026,0.283533497181777,10924.5378679958,NA,NA,NA,NA,NA,NA,NA,NA,NA,NA,NA,NA,NA,NA,NA,NA,NA,NA,NA,NA,NA,NA,NA,NA
"44","I2748","V",10,TRUE,"logistic",FALSE,FALSE,0,1.87430987564546e-05,14900.9728234641,0.136066475094387,33041.7249375381,1.61482169990955e-05,3592.50264728384,0.00475292188012593,-7.82071820705755e-06,4.53069157199667e-05,8991.30596868218,20810.639678246,0.12824791860158,0.143885031587194,-1.29074065617726e-05,5.03936040746818e-05,7859.66763478777,21942.2780121404,0.12675074820934,0.145382201979434,3.26064004726635e-05,19760.236016765,0.301456059563488,33202.0888456631,NA,NA,NA,NA,NA,NA,NA,NA,NA,NA,NA,NA,NA,NA,NA,NA,NA,NA,NA,NA,NA,NA,NA,NA
"45","I2748","V",25,TRUE,"gompertz.exp",FALSE,FALSE,0,NA,NA,NA,NA,NA,NA,NA,NA,NA,NA,NA,NA,NA,NA,NA,NA,NA,NA,NA,0.000146020868827048,56364.3801802641,0.716873016189138,30436.3231676701,NA,NA,NA,NA,NA,NA,NA,NA,NA,NA,NA,NA,NA,NA,NA,NA,NA,NA,NA,NA,NA,NA,NA,NA
"46","I2748","V",50,TRUE,"logistic",FALSE,FALSE,0,2.49369867619109e-05,33842.790452515,0.302929839180389,67083.5961917051,1.98190286732091e-05,5540.71564024024,0.0133624079106658,-7.66531540551801e-06,5.75392889293398e-05,24728.3132243198,42957.2676807102,0.280948678167344,0.324911000193435,-1.39083094375789e-05,6.37822829614007e-05,22982.9877976442,44702.5931073859,0.276739519675484,0.329120158685294,6.7471971627496e-05,49618.7982537287,0.669452072650554,67165.5039838757,NA,NA,NA,NA,NA,NA,NA,NA,NA,NA,NA,NA,NA,NA,NA,NA,NA,NA,NA,NA,NA,NA,NA,NA
"47","I2748","V",100,TRUE,"gompertz",FALSE,FALSE,0,0.000298523914238587,238689.300927834,0.521676715021777,11300.2632502191,0.000553736095274945,1832.59056265785,0.0737904108497907,-0.000612371962488698,0.00120941979096587,235674.689452262,241703.912403406,0.400291489173872,0.643061940869683,-0.000786798832500306,0.00138384666097748,235097.423425024,242281.178430643,0.377047509756188,0.666305920287367,9.83199808582865e-05,95475.2421629798,0.67894514716876,71946.0738469415,NA,NA,NA,NA,NA,NA,NA,NA,NA,NA,NA,NA,NA,NA,NA,NA,NA,NA,NA,NA,NA,NA,NA,NA
"48","I2748","V",200,TRUE,"logistic",FALSE,FALSE,0,2.34378547693705e-06,116885.203573899,0.132148321929289,15367.895910459,8.1882333161344e-07,11023.8047262777,0.00956801266237366,9.96821096432942e-07,3.69074985744116e-06,98751.0447991723,135019.362348626,0.116408941099684,0.147887702758893,7.38891746974708e-07,3.94867920689939e-06,95278.5463103948,138491.860837403,0.113395017111036,0.150901626747541,3.83098340585923e-06,142067.71036967,0.170131277454465,15417.2831748679,NA,NA,NA,NA,NA,NA,NA,NA,NA,NA,NA,NA,NA,NA,NA,NA,NA,NA,NA,NA,NA,NA,NA,NA
"49","I2711","V",0,TRUE,"gompertz",FALSE,FALSE,0,2.41612093145295e-06,-104747.317663822,0.899629805743056,139481.503985662,1.37397943201864e-07,9577.92153338625,0.0455253223051358,2.19010131488589e-06,2.64214054802002e-06,-120502.998586242,-88991.6367414012,0.824740650551108,0.974518960935005,2.1468209627773e-06,2.68542090012861e-06,-123520.043869259,-85974.5914583846,0.81040017402499,0.988859437461122,3.40153515589979e-05,5866.04155072542,0.756947300286265,139489.487347055,NA,NA,NA,NA,NA,NA,NA,NA,NA,NA,NA,NA,NA,NA,NA,NA,NA,NA,NA,NA,NA,NA,NA,NA
"50","I2711","V",10,TRUE,"gompertz",FALSE,FALSE,0,1.78212981647486e-05,11660.0363941448,0.408981626739168,96679.4180734253,5.8711609401216e-07,414.366882217646,0.00107088423893884,1.68554921900986e-05,1.87871041393986e-05,10978.4028728968,12341.6699153928,0.407220022166113,0.410743231312222,1.66705506204847e-05,1.89720457090124e-05,10847.8773049982,12472.1954832914,0.406882693630848,0.411080559847488,2.65192077300014e-05,15396.9845764406,0.439846204610467,96728.6204431667,NA,NA,NA,NA,NA,NA,NA,NA,NA,NA,NA,NA,NA,NA,NA,NA,NA,NA,NA,NA,NA,NA,NA,NA
"51","I2711","V",25,TRUE,"logistic",FALSE,FALSE,0,1.04522181024411e-05,20338.1441269013,0.158828426182673,37074.9456349913,2.43139682760404e-06,2027.82857729243,0.00224379330722552,6.45257032103241e-06,1.44518658838497e-05,17002.3661172552,23673.9221365473,0.155137386192287,0.162519466173059,5.68668032033713e-06,1.5217755884545e-05,16363.6001154081,24312.6881383944,0.154430591300511,0.163226261064835,1.39248160047882e-05,24864.0020855802,0.201259403852375,37317.9209089458,NA,NA,NA,NA,NA,NA,NA,NA,NA,NA,NA,NA,NA,NA,NA,NA,NA,NA,NA,NA,NA,NA,NA,NA
"52","I2711","V",50,TRUE,"gompertz",FALSE,FALSE,0,1.02300645564859e-06,697.406866987871,0.220842949198812,31331.3677860128,6.14714529232689e-08,5471.37973627623,0.0104560978830159,9.21885915589815e-07,1.12412699570737e-06,-8303.01279918653,9697.82653316228,0.20364266818125,0.238043230216373,9.02522407918985e-07,1.1434905033782e-06,-10026.4974161135,11421.3111500893,0.2003489973481,0.241336901049523,6.71286793182506e-06,88559.2219210212,0.259481038753267,30990.8152398701,NA,NA,NA,NA,NA,NA,NA,NA,NA,NA,NA,NA,NA,NA,NA,NA,NA,NA,NA,NA,NA,NA,NA,NA
"53","I2711","V",100,TRUE,"gompertz",FALSE,FALSE,0,7.23962148482559e-06,117117.251383213,0.366285026216511,42091.3998337734,1.00078927499832e-07,363.732601367818,0.0010583106855383,7.07499164908837e-06,7.40425132056282e-06,116518.911253963,117715.591512463,0.3645441051388,0.368025947294221,7.04346678692592e-06,7.43577618272526e-06,116404.335484532,117830.167281894,0.364210737272856,0.368359315160166,1.22856740372642e-05,124649.101831009,0.387643055886144,42516.7839234459,NA,NA,NA,NA,NA,NA,NA,NA,NA,NA,NA,NA,NA,NA,NA,NA,NA,NA,NA,NA,NA,NA,NA,NA
"54","I2711","V",200,TRUE,"richards",FALSE,FALSE,0,2.02068363032784e-06,161955.291727551,0.180935880233323,9574.62951475044,2.3316382555233e-08,497.968509575035,0.00285558277583388,1.98232818102448e-06,2.0590390796312e-06,161136.133529301,162774.449925802,0.176238446567077,0.18563331389957,1.97498352051958e-06,2.0663837401361e-06,160979.273448784,162931.310006318,0.175338937992689,0.186532822473958,2.46944026298892e-06,173690.895280432,0.158353911555264,9622.87016498345,NA,NA,NA,NA,NA,NA,NA,NA,NA,NA,NA,NA,NA,NA,NA,NA,NA,NA,NA,NA,NA,NA,NA,NA
"55","I2759","V",0,TRUE,"gompertz",FALSE,FALSE,0,5.33163194458229e-06,5647.39691601572,0.627467577575887,117495.458327049,2.06969336770149e-07,2290.22346723607,0.00682768120010308,4.9911673855954e-06,5.67209650356919e-06,1879.97931241239,9414.81451961905,0.616236042001718,0.638699113150057,4.9259720445128e-06,5.73729184465178e-06,1158.55892023302,10136.2349117984,0.614085322423685,0.640849832728089,2.12901387574371e-05,32118.4109870528,0.735837136927239,116620.993512318,NA,NA,NA,NA,NA,NA,NA,NA,NA,NA,NA,NA,NA,NA,NA,NA,NA,NA,NA,NA,NA,NA,NA,NA
"56","I2759","V",10,TRUE,"gompertz",FALSE,FALSE,0,8.91119323337499e-06,50068.5941143305,0.480357719185602,86474.7820854658,3.73129291835632e-07,1205.24899417039,0.00315054999610396,8.29739554830538e-06,9.52499091844461e-06,48085.9595189202,52051.2287097408,0.475175064442011,0.485540373929193,8.17985982137716e-06,9.64252664537283e-06,47706.3060857566,52430.8821429045,0.474182641193238,0.486532797177966,1.76409245223867e-05,61039.9671971067,0.578159883631275,86244.35036818,NA,NA,NA,NA,NA,NA,NA,NA,NA,NA,NA,NA,NA,NA,NA,NA,NA,NA,NA,NA,NA,NA,NA,NA
"57","I2759","V",25,TRUE,"richards",FALSE,FALSE,0,8.30747693672017e-06,151967.235796094,0.415003277979907,35595.8139336332,1.939515742862e-07,754.110822621147,0.00231256933893162,7.98842659701937e-06,8.62652727642097e-06,150726.723492882,153207.748099306,0.411199101417365,0.41880745454245,7.92733185111922e-06,8.68762202232112e-06,150489.178583757,153445.293008432,0.410470642075601,0.419535913884213,2.54147977231351e-05,165224.351618145,0.430845786301811,36277.651660844,NA,NA,NA,NA,NA,NA,NA,NA,NA,NA,NA,NA,NA,NA,NA,NA,NA,NA,NA,NA,NA,NA,NA,NA
"58","I2759","V",50,TRUE,"gompertz",FALSE,FALSE,0,3.78200652404433e-06,181814.699860071,1.09291997968686,16077.7478865757,1.25520764245812e-07,2562.15186510332,0.0709097326459487,3.57552486685997e-06,3.9884881812287e-06,177599.960041976,186029.439678166,0.976273469484276,1.20956648988945,3.53598582612254e-06,4.02802722196613e-06,176792.882204469,186836.517515674,0.953936903700802,1.23190305567292,5.5215070289298e-06,202399.085808612,0.301226744214708,16262.7347931857,NA,NA,NA,NA,NA,NA,NA,NA,NA,NA,NA,NA,NA,NA,NA,NA,NA,NA,NA,NA,NA,NA,NA,NA
"59","I2759","V",100,TRUE,"richards",FALSE,FALSE,0,1.58439167029841e-06,245286.663568075,0.0263904195336414,304.497870317179,3.64356901979125e-08,276.001363420479,0.000809204054846971,1.52445495992284e-06,1.64432838067398e-06,244832.641325248,245740.685810901,0.0250592788634181,0.0277215602038647,1.5129777175105e-06,1.65580562308632e-06,244745.700895771,245827.626240379,0.0248043795861413,0.0279764594811415,1.43983302120656e-06,244043.24218219,0.0248729020495866,306.135768577995,NA,NA,NA,NA,NA,NA,NA,NA,NA,NA,NA,NA,NA,NA,NA,NA,NA,NA,NA,NA,NA,NA,NA,NA
"60","I2759","V",200,TRUE,"logistic",FALSE,FALSE,0,1.07184005152686e-06,206407.706514952,0.0604054516779658,1735.97057193375,7.17210681201791e-08,1997.90380135679,0.00586024465070618,9.53858894469169e-07,1.18982120858456e-06,203121.15476172,209694.258268184,0.0507653492275541,0.0700455541283775,9.31266758011313e-07,1.21241334504242e-06,202491.815064293,210323.597965612,0.0489193721625817,0.0718915311933499,1.18721594328462e-06,-5015.80492778218,0.0529924038480729,2850.26002583197,NA,NA,NA,NA,NA,NA,NA,NA,NA,NA,NA,NA,NA,NA,NA,NA,NA,NA,NA,NA,NA,NA,NA,NA
"61","I2711","V",0,TRUE,"gompertz",FALSE,FALSE,0,3.84678522633252e-06,-52237.4620763543,0.809590303521715,150501.876253444,1.44666994942266e-07,4053.62775886873,0.0120422312581996,3.6088080196525e-06,4.08476243301255e-06,-58905.6797396933,-45569.2444130152,0.789780833101976,0.829399773941453,3.56323791624568e-06,4.13033253641937e-06,-60182.572483737,-44292.3516689716,0.785987530255643,0.833193076787786,3.44572731784965e-05,6200.77458594717,0.776364284712418,150453.85680414,NA,NA,NA,NA,NA,NA,NA,NA,NA,NA,NA,NA,NA,NA,NA,NA,NA,NA,NA,NA,NA,NA,NA,NA
"62","I2711","V",10,TRUE,"logistic",FALSE,FALSE,0,2.4763383994613e-05,12893.3482746838,0.386643241755754,93044.354665274,5.2762573098473e-07,190.835546517368,0.000499041832451378,2.38954396671431e-05,2.56313283220828e-05,12579.4238006627,13207.2727487049,0.385822317941372,0.387464165570137,2.37292375618829e-05,2.5797530427343e-05,12519.3106035097,13267.3859458578,0.385665119764149,0.387621363747359,2.84077345926492e-05,14157.4135626986,0.400977259851147,93104.6504037819,NA,NA,NA,NA,NA,NA,NA,NA,NA,NA,NA,NA,NA,NA,NA,NA,NA,NA,NA,NA,NA,NA,NA,NA
"63","I2711","V",25,TRUE,"logistic",FALSE,FALSE,0,1.09731483737711e-05,20884.4622028057,0.18653674385878,43272.3568590879,3.39771377766334e-06,3018.68421032746,0.00373476979233848,5.38390920951494e-06,1.65623875380273e-05,15918.7266768171,25850.1977287944,0.180393047550383,0.192680440167176,4.31362936955099e-06,1.76326673779913e-05,14967.8411505639,26801.0832550475,0.179216595065796,0.193856892651763,1.23616793511084e-05,23425.7977104674,0.269010555474521,43508.1793894412,NA,NA,NA,NA,NA,NA,NA,NA,NA,NA,NA,NA,NA,NA,NA,NA,NA,NA,NA,NA,NA,NA,NA,NA
"64","I2711","V",50,TRUE,"logistic",FALSE,FALSE,0,4.76698749795315e-06,46466.0237238081,0.201430107214301,39028.0520573794,6.28271277249228e-07,3173.68970599959,0.00316692673217447,3.73348124687817e-06,5.80049374902813e-06,41245.3041574388,51686.7432901774,0.196220512739874,0.206639701688728,3.53557579454467e-06,5.99839920136164e-06,40245.5919000489,52686.4555475673,0.195222930819239,0.207637283609363,1.25709747984229e-05,67174.4906727074,0.354918754719337,39205.9771897094,NA,NA,NA,NA,NA,NA,NA,NA,NA,NA,NA,NA,NA,NA,NA,NA,NA,NA,NA,NA,NA,NA,NA,NA
"65","I2711","V",100,TRUE,"gompertz",FALSE,FALSE,0,7.74768526447402e-06,119419.444585067,0.370793986085049,42342.0117461111,1.07387000939495e-07,346.498390014221,0.00103204815542887,7.57103364792855e-06,7.92433688101949e-06,118849.454733494,119989.434436641,0.369096266869369,0.37249170530073,7.53720674263261e-06,7.95816378631543e-06,118740.30774064,120098.581429495,0.368771171700409,0.37281680046969,1.29773292538811e-05,126681.874034071,0.390461890361062,42836.1111816511,NA,NA,NA,NA,NA,NA,NA,NA,NA,NA,NA,NA,NA,NA,NA,NA,NA,NA,NA,NA,NA,NA,NA,NA
"66","I2711","V",200,TRUE,"gompertz",FALSE,FALSE,0,9.83889833523362e-07,110668.675284804,0.185488101146588,11355.8493572277,1.34842091556911e-08,1048.80974322039,0.00639594065793569,9.6170830946225e-07,1.00607135758447e-06,108943.383257207,112393.967312402,0.174966778764284,0.196009423528893,9.57460783578207e-07,1.01031888346852e-06,108613.008188092,112724.342381516,0.172952057457034,0.198024144836142,1.99707290747296e-06,116323.219766052,0.143776286243905,11304.6142818809,NA,NA,NA,NA,NA,NA,NA,NA,NA,NA,NA,NA,NA,NA,NA,NA,NA,NA,NA,NA,NA,NA,NA,NA
"67","I2759","V",0,TRUE,"gompertz",FALSE,FALSE,0,6.78220143116189e-06,13865.1242562123,0.565744995593202,112607.737276884,2.7805575445426e-07,1787.2272772912,0.00464185846201797,6.32479971508463e-06,7.23960314723915e-06,10925.1353850683,16805.1131273563,0.558109138423182,0.573380852763221,6.23721215243154e-06,7.32719070989224e-06,10362.1587927215,17368.089719703,0.556646953007646,0.574843038178757,2.1337839342769e-05,32424.3670439057,0.686789117219354,111879.742558007,NA,NA,NA,NA,NA,NA,NA,NA,NA,NA,NA,NA,NA,NA,NA,NA,NA,NA,NA,NA,NA,NA,NA,NA
"68","I2759","V",10,TRUE,"gompertz",FALSE,FALSE,0,5.78477273276832e-06,34470.1952173529,0.584610280046679,98494.4434038061,2.9107619725755e-07,2550.70171490356,0.00811618328760878,5.30595238827965e-06,6.26359307725699e-06,30274.2908963366,38666.0995383693,0.571259158538563,0.597961401554796,5.21426338614352e-06,6.35528207939311e-06,29470.819856142,39469.5705785639,0.568702560802966,0.600517999290392,2.19926662643252e-05,59122.4036762587,0.706119401554909,97519.803777124,NA,NA,NA,NA,NA,NA,NA,NA,NA,NA,NA,NA,NA,NA,NA,NA,NA,NA,NA,NA,NA,NA,NA,NA
"69","I2759","V",25,TRUE,"richards",FALSE,FALSE,0,6.82486714383323e-06,139826.454357089,0.410316728542298,39050.0863093542,1.21338658538151e-07,718.470990560113,0.00170557052850621,6.62526505053797e-06,7.02446923712849e-06,138644.569577618,141008.33913656,0.407511065022905,0.413122392061691,6.58704337309845e-06,7.06269091456801e-06,138418.251215591,141234.657498587,0.406973810306426,0.41365964677817,1.77025685607425e-05,148811.637056882,0.423630947659944,39215.9432293509,NA,NA,NA,NA,NA,NA,NA,NA,NA,NA,NA,NA,NA,NA,NA,NA,NA,NA,NA,NA,NA,NA,NA,NA
"70","I2759","V",50,TRUE,"richards",FALSE,FALSE,0,8.84908396082392e-06,186242.793990043,0.374159169597282,21133.6481196441,1.21638767448462e-07,385.864072543238,0.00147255203551049,8.6489881883712e-06,9.04917973327664e-06,185608.047590709,186877.540389376,0.371736821498867,0.376581517695697,8.61067197662494e-06,9.08749594502291e-06,185486.500407858,186999.087572227,0.371272967607682,0.377045371586883,1.40749442184646e-05,195795.269454194,0.390542238405172,21655.7825075212,NA,NA,NA,NA,NA,NA,NA,NA,NA,NA,NA,NA,NA,NA,NA,NA,NA,NA,NA,NA,NA,NA,NA,NA
"71","I2759","V",100,TRUE,"gompertz",FALSE,FALSE,0,3.80107730175452e-06,212960.686341777,1.00074060604004,7753.29559202911,4.24067674928589e-07,6964.5630430931,0.190223950822385,3.10348597649699e-06,4.49866862701205e-06,201503.980135889,224417.392547666,0.687822206937216,1.31365900514286,2.96990465889448e-06,4.63224994461455e-06,199310.142777315,226611.22990624,0.627901662428165,1.37357954965191,5.61007470056911e-06,224448.492111681,0.207111973382471,7659.38598814504,NA,NA,NA,NA,NA,NA,NA,NA,NA,NA,NA,NA,NA,NA,NA,NA,NA,NA,NA,NA,NA,NA,NA,NA
"72","I2759","V",200,TRUE,"gompertz",FALSE,FALSE,0,9.75099571593071e-07,225136.796052086,0.0846208803078548,733.409567072042,1.24884190342657e-08,368.127776178219,0.00289968405999,9.54556122281704e-07,9.95643020904438e-07,224531.225860273,225742.366243899,0.0798509000291713,0.0893908605865384,9.5062227028591e-07,9.99576872900231e-07,224415.265610777,225858.326493395,0.0789374995502745,0.0903042610654352,1.09105873745186e-06,228084.240768805,0.0349900878271326,731.96946739931,NA,NA,NA,NA,NA,NA,NA,NA,NA,NA,NA,NA,NA,NA,NA,NA,NA,NA,NA,NA,NA,NA,NA,NA
"73","I2713","V",0,TRUE,"gompertz",FALSE,FALSE,0,6.99228381558951e-06,-11265.0946478001,0.666252975052196,143644.681704131,1.5798995730937e-07,1174.11383360058,0.00275131210919748,6.7323903358156e-06,7.25217729536343e-06,-13196.5119040731,-9333.67739152715,0.661727066632566,0.670778883471826,6.68262349926315e-06,7.30194413191588e-06,-13566.3577616572,-8963.83153394296,0.660860403318169,0.671645546786223,2.11324540600579e-05,7145.43387006963,0.699997552074003,143376.450842908,NA,NA,NA,NA,NA,NA,NA,NA,NA,NA,NA,NA,NA,NA,NA,NA,NA,NA,NA,NA,NA,NA,NA,NA
"74","I2713","V",10,TRUE,"gompertz",FALSE,FALSE,0,8.85367891234983e-06,9668.65126552381,0.363809784902727,82890.6326748847,3.28925669321901e-07,829.108523188092,0.00152925689270897,8.3125961863153e-06,9.39476163838435e-06,8304.7677448794,11032.5347861682,0.361294157314221,0.366325412491234,8.2089846004789e-06,9.49837322422075e-06,8043.59856007515,11293.7039709725,0.360812441393018,0.366807128412437,1.98467997422083e-05,17886.7705574473,0.394752757349784,82695.3782758259,NA,NA,NA,NA,NA,NA,NA,NA,NA,NA,NA,NA,NA,NA,NA,NA,NA,NA,NA,NA,NA,NA,NA,NA
"75","I2713","V",25,TRUE,"gompertz",FALSE,FALSE,0,1.14051828660203e-05,49022.4277791208,0.338107129105422,65979.2106645949,2.48082810576886e-07,351.355030198652,0.000752400433573603,1.09970866426213e-05,1.18132790894193e-05,48444.448754444,49600.4068037976,0.336869430392193,0.33934482781865,1.09189405572896e-05,1.1891425174751e-05,48333.7719199315,49711.0836383102,0.336632424255617,0.339581833955226,2.23503765460341e-05,54473.2389966926,0.344328261291831,66052.4150914261,NA,NA,NA,NA,NA,NA,NA,NA,NA,NA,NA,NA,NA,NA,NA,NA,NA,NA,NA,NA,NA,NA,NA,NA
"76","I2713","V",50,TRUE,"gompertz",FALSE,FALSE,0,7.0305964665894e-06,95017.2140990499,0.30733448715881,43329.9541741848,1.41011570242137e-07,467.368507602908,0.000988754935731651,6.79863243354109e-06,7.26256049963772e-06,94248.3929040432,95786.0352940567,0.305707985289532,0.308960989028089,6.75421378891481e-06,7.30697914426399e-06,94101.1718241482,95933.2563739516,0.305396527484776,0.309272446832844,1.56785107033427e-05,103208.72770274,0.317534977569087,43399.9855796001,NA,NA,NA,NA,NA,NA,NA,NA,NA,NA,NA,NA,NA,NA,NA,NA,NA,NA,NA,NA,NA,NA,NA,NA
"77","I2713","V",100,TRUE,"gompertz",FALSE,FALSE,0,4.33310858064125e-06,67251.728203508,0.324725573285693,48935.3063342493,7.86454531436826e-08,698.592336403478,0.00136714768613359,4.20373681021989e-06,4.4624803510626e-06,66102.5438101243,68400.9125968918,0.322476615342004,0.326974531229383,4.17896349247963e-06,4.48725366880286e-06,65882.4872241572,68620.9691828589,0.322045963820872,0.327405182750515,9.25667486527731e-06,80875.0520987332,0.346417843694093,48884.7499947061,NA,NA,NA,NA,NA,NA,NA,NA,NA,NA,NA,NA,NA,NA,NA,NA,NA,NA,NA,NA,NA,NA,NA,NA
"78","I2713","V",200,TRUE,"gompertz.exp",FALSE,FALSE,0,NA,NA,NA,NA,NA,NA,NA,NA,NA,NA,NA,NA,NA,NA,NA,NA,NA,NA,NA,-1.58433935599663e-09,310234.050010931,0.00049151820039247,74.277401284411,NA,NA,NA,NA,NA,NA,NA,NA,NA,NA,NA,NA,NA,NA,NA,NA,NA,NA,NA,NA,NA,NA,NA,NA
"79","I2759","V",0,TRUE,"gompertz",FALSE,FALSE,0,4.26375616082098e-06,-3975.63911581995,0.721474966410836,120693.309486068,1.7296733232205e-07,3236.64198510363,0.0128308720405999,3.97922489915121e-06,4.54828742249075e-06,-9299.91518131542,1348.63694967552,0.700368181904049,0.742581750917622,3.92474018946976e-06,4.6027721321722e-06,-10319.4574066231,2368.17917498317,0.69632645721126,0.746623475610411,2.08633348646672e-05,32187.1233496945,0.784713544588567,119966.717092023,NA,NA,NA,NA,NA,NA,NA,NA,NA,NA,NA,NA,NA,NA,NA,NA,NA,NA,NA,NA,NA,NA,NA,NA
"80","I2759","V",10,TRUE,"gompertz",FALSE,FALSE,0,1.28867062410536e-05,54002.3334705887,0.48917543658136,90663.070210344,9.20180652409132e-07,1467.47655975364,0.00427305751858079,1.13730090678406e-05,1.44004034142666e-05,51588.3345297939,56416.3324113834,0.482146256963294,0.496204616199425,1.10831521623317e-05,1.46902603197755e-05,51126.0794134715,56878.5875277058,0.480800243844942,0.497550629317778,3.32401761983873e-05,111464.067719209,0.624494327233317,90602.1431016441,NA,NA,NA,NA,NA,NA,NA,NA,NA,NA,NA,NA,NA,NA,NA,NA,NA,NA,NA,NA,NA,NA,NA,NA
"81","I2759","V",25,TRUE,"gompertz",FALSE,FALSE,0,6.8978731459649e-06,133029.366583267,0.416061798410322,38911.8424832012,2.9468735320306e-07,1279.28980292352,0.0052583567864474,6.41311244994586e-06,7.38263384198393e-06,130924.934857458,135133.798309077,0.407411801496616,0.424711795324028,6.3202859336869e-06,7.4754603582429e-06,130521.958569537,135536.774596998,0.405755419108885,0.426368177711759,5.93637675898117e-05,154634.802288611,0.436792312054682,40154.3822994283,NA,NA,NA,NA,NA,NA,NA,NA,NA,NA,NA,NA,NA,NA,NA,NA,NA,NA,NA,NA,NA,NA,NA,NA
"82","I2759","V",50,TRUE,"richards",FALSE,FALSE,0,6.10179641444249e-06,162911.035870465,0.386737667496718,26657.8038175633,4.69286136951534e-08,306.626848571776,0.00123555542712075,6.02459884491397e-06,6.17899398397102e-06,162406.634704564,163415.437036365,0.384705178819104,0.388770156174332,6.00981633159999e-06,6.193776497285e-06,162310.047247264,163512.024493665,0.384315978859561,0.389159356133875,9.53311798359415e-06,177057.353091375,0.401726477472553,26711.1759196417,NA,NA,NA,NA,NA,NA,NA,NA,NA,NA,NA,NA,NA,NA,NA,NA,NA,NA,NA,NA,NA,NA,NA,NA
"83","I2759","V",100,TRUE,"gompertz",FALSE,FALSE,0,1.5972416992995e-06,169912.10218448,0.179353799679276,6763.94440671969,1.09442375102514e-08,309.624857819713,0.00291097044979246,1.57923842859514e-06,1.61524497000386e-06,169402.769293367,170421.435075594,0.174565253289367,0.184142346069184,1.57579099377941e-06,1.61869240481959e-06,169305.237463154,170518.966905807,0.173648297597683,0.185059301760869,2.27616527272298e-06,199639.920946228,0.140498757563549,6730.24155915654,NA,NA,NA,NA,NA,NA,NA,NA,NA,NA,NA,NA,NA,NA,NA,NA,NA,NA,NA,NA,NA,NA,NA,NA
"84","I2759","V",200,TRUE,"logistic",FALSE,FALSE,0,9.81346026234115e-07,198112.018573109,0.0673599130822109,2145.41644870258,1.63113225407021e-08,635.145995188982,0.00192850421827475,9.5451390065466e-07,1.00817815181357e-06,197067.203411023,199156.833735195,0.0641875236431489,0.0705323025212728,9.49375834054339e-07,1.01331621841389e-06,196867.132422539,199356.90472368,0.0635800448143924,0.0711397813500294,1.15907377617944e-06,201966.717022381,0.0566715873937707,2514.62266711188,NA,NA,NA,NA,NA,NA,NA,NA,NA,NA,NA,NA,NA,NA,NA,NA,NA,NA,NA,NA,NA,NA,NA,NA
"85","I2713","V",0,TRUE,"gompertz",FALSE,FALSE,0,4.79442043277636e-06,-20924.2946296435,0.433557609920636,98092.2976653204,2.1556363697641e-07,2384.90381102604,0.00287209739434969,4.43981824995017e-06,5.14902261560256e-06,-24847.4613987813,-17001.1278605056,0.42883300970693,0.438282210134341,4.3719157043026e-06,5.21692516125013e-06,-25598.7060992545,-16249.8831600324,0.42792829902771,0.439186920813561,2.08863512908767e-05,6613.39482997002,0.47347812298861,97944.681596622,NA,NA,NA,NA,NA,NA,NA,NA,NA,NA,NA,NA,NA,NA,NA,NA,NA,NA,NA,NA,NA,NA,NA,NA
"86","I2713","V",10,TRUE,"gompertz",FALSE,FALSE,0,1.3307440084572e-05,13998.9464896726,0.38541973930684,88863.241734086,5.38186426148338e-07,640.077946997568,0.00143020466755693,1.2422123413558e-05,1.4192756755586e-05,12946.0182668616,15051.8747124836,0.383067052628709,0.387772425984971,1.22525946893213e-05,1.43622854798228e-05,12744.3937135574,15253.4992657879,0.382616538158429,0.388222940455252,2.76536028855076e-05,19887.5164439538,0.424300685919158,88805.0421423951,NA,NA,NA,NA,NA,NA,NA,NA,NA,NA,NA,NA,NA,NA,NA,NA,NA,NA,NA,NA,NA,NA,NA,NA
"87","I2713","V",25,TRUE,"gompertz",FALSE,FALSE,0,1.18200384270632e-05,54431.0071657707,0.353332080616568,66988.4198460513,3.15918368643759e-07,435.044929851876,0.000987306264969753,1.13003527106442e-05,1.23397241434822e-05,53715.3582561643,55146.656075377,0.351707961810693,0.354956199422443,1.12008384245214e-05,1.24392384296049e-05,53578.319103261,55283.6952282803,0.351396960337227,0.355267200895909,2.31221674408842e-05,60246.3574266723,0.38072267812747,67082.5280118606,NA,NA,NA,NA,NA,NA,NA,NA,NA,NA,NA,NA,NA,NA,NA,NA,NA,NA,NA,NA,NA,NA,NA,NA
"88","I2713","V",50,TRUE,"gompertz",FALSE,FALSE,0,8.21887394980588e-06,102440.25814613,0.318817915100689,43492.7749310953,1.68444939518132e-07,425.567230762797,0.000987331723261669,7.94178202429855e-06,8.49596587531321e-06,101740.200051525,103140.316240735,0.317193754415923,0.320442075785454,7.88872186835034e-06,8.54902603126142e-06,101606.146373835,103274.369918425,0.316882744923096,0.320753085278281,1.61232076328706e-05,109451.635660686,0.33805812804977,43667.5794277056,NA,NA,NA,NA,NA,NA,NA,NA,NA,NA,NA,NA,NA,NA,NA,NA,NA,NA,NA,NA,NA,NA,NA,NA
"89","I2713","V",100,TRUE,"gompertz",FALSE,FALSE,0,4.19253488999817e-06,63106.0731048019,0.345381763294621,52007.4201909964,7.5313345465747e-08,751.513788965813,0.00156837545882945,4.06864443670702e-06,4.31642534328933e-06,61869.8329219532,64342.3132876507,0.342801785664847,0.347961740924396,4.04492073288531e-06,4.34014904711104e-06,61633.1060784289,64579.0401311749,0.342307747395316,0.348455779193927,8.24817638790737e-06,76919.7057038305,0.369811616153502,51985.6084550604,NA,NA,NA,NA,NA,NA,NA,NA,NA,NA,NA,NA,NA,NA,NA,NA,NA,NA,NA,NA,NA,NA,NA,NA
"90","I2713","V",200,TRUE,"gompertz.exp",FALSE,FALSE,0,NA,NA,NA,NA,NA,NA,NA,NA,NA,NA,NA,NA,NA,NA,NA,NA,NA,NA,NA,5.79725969463208e-07,242779.091209429,0.001486127440158,20.8495848576913,NA,NA,NA,NA,NA,NA,NA,NA,NA,NA,NA,NA,NA,NA,NA,NA,NA,NA,NA,NA,NA,NA,NA,NA
"91","NEG","V",0,TRUE,"gompertz.exp",FALSE,FALSE,0,NA,NA,NA,NA,NA,NA,NA,NA,NA,NA,NA,NA,NA,NA,NA,NA,NA,NA,NA,0,NA,0,0,NA,NA,NA,NA,NA,NA,NA,NA,NA,NA,NA,NA,NA,NA,NA,NA,NA,NA,NA,NA,NA,NA,NA,NA
"92","NEG","V",10,TRUE,"gompertz.exp",FALSE,FALSE,0,NA,NA,NA,NA,NA,NA,NA,NA,NA,NA,NA,NA,NA,NA,NA,NA,NA,NA,NA,0,NA,0,0,NA,NA,NA,NA,NA,NA,NA,NA,NA,NA,NA,NA,NA,NA,NA,NA,NA,NA,NA,NA,NA,NA,NA,NA
"93","NEG","V",25,TRUE,"gompertz.exp",FALSE,FALSE,0,NA,NA,NA,NA,NA,NA,NA,NA,NA,NA,NA,NA,NA,NA,NA,NA,NA,NA,NA,0,NA,0,0,NA,NA,NA,NA,NA,NA,NA,NA,NA,NA,NA,NA,NA,NA,NA,NA,NA,NA,NA,NA,NA,NA,NA,NA
"94","NEG","V",50,TRUE,"gompertz.exp",FALSE,FALSE,0,NA,NA,NA,NA,NA,NA,NA,NA,NA,NA,NA,NA,NA,NA,NA,NA,NA,NA,NA,0,NA,0,0,NA,NA,NA,NA,NA,NA,NA,NA,NA,NA,NA,NA,NA,NA,NA,NA,NA,NA,NA,NA,NA,NA,NA,NA
"95","NEG","V",100,TRUE,"gompertz.exp",FALSE,FALSE,0,NA,NA,NA,NA,NA,NA,NA,NA,NA,NA,NA,NA,NA,NA,NA,NA,NA,NA,NA,0,NA,0,0,NA,NA,NA,NA,NA,NA,NA,NA,NA,NA,NA,NA,NA,NA,NA,NA,NA,NA,NA,NA,NA,NA,NA,NA
"96","NEG","V",200,TRUE,"gompertz.exp",FALSE,FALSE,0,NA,NA,NA,NA,NA,NA,NA,NA,NA,NA,NA,NA,NA,NA,NA,NA,NA,NA,NA,0,NA,0,0,NA,NA,NA,NA,NA,NA,NA,NA,NA,NA,NA,NA,NA,NA,NA,NA,NA,NA,NA,NA,NA,NA,NA,NA
